date,gross_equity,net_equity
2020-01-01 00:00:00+00:00,100000.0,100000.0
2020-01-02 00:00:00+00:00,100000.0,100000.0
2020-01-03 00:00:00+00:00,100000.0,100000.0
2020-01-04 00:00:00+00:00,100000.0,100000.0
2020-01-05 00:00:00+00:00,100000.0,100000.0
2020-01-06 00:00:00+00:00,100000.0,100000.0
2020-01-07 00:00:00+00:00,100000.0,100000.0
2020-01-08 00:00:00+00:00,100000.0,100000.0
2020-01-09 00:00:00+00:00,100000.0,100000.0
2020-01-10 00:00:00+00:00,100000.0,100000.0
2020-01-11 00:00:00+00:00,100000.0,100000.0
2020-01-12 00:00:00+00:00,100000.0,100000.0
2020-01-13 00:00:00+00:00,100000.0,100000.0
2020-01-14 00:00:00+00:00,100000.0,100000.0
2020-01-15 00:00:00+00:00,100000.0,100000.0
2020-01-16 00:00:00+00:00,100000.0,100000.0
2020-01-17 00:00:00+00:00,100000.0,100000.0
2020-01-18 00:00:00+00:00,100000.0,100000.0
2020-01-19 00:00:00+00:00,100000.0,100000.0
2020-01-20 00:00:00+00:00,100000.0,100000.0
2020-01-21 00:00:00+00:00,100000.0,100000.0
2020-01-22 00:00:00+00:00,100000.0,100000.0
2020-01-23 00:00:00+00:00,100000.0,100000.0
2020-01-24 00:00:00+00:00,100000.0,100000.0
2020-01-25 00:00:00+00:00,100000.0,100000.0
2020-01-26 00:00:00+00:00,100000.0,100000.0
2020-01-27 00:00:00+00:00,100000.0,100000.0
2020-01-28 00:00:00+00:00,100000.0,100000.0
2020-01-29 00:00:00+00:00,100000.0,100000.0
2020-01-30 00:00:00+00:00,100000.0,100000.0
2020-01-31 00:00:00+00:00,100011.04328581851,99861.04328581852
2020-02-01 00:00:00+00:00,99972.95774984817,99823.01487184399
2020-02-02 00:00:00+00:00,99972.2274837177,99822.28570099176
2020-02-03 00:00:00+00:00,99992.38722238381,99842.41520338895
2020-02-04 00:00:00+00:00,99974.92450306036,99824.97867525215
2020-02-05 00:00:00+00:00,99998.34905525915,99848.36809450245
2020-02-06 00:00:00+00:00,99993.167658075,99843.19446855587
2020-02-07 00:00:00+00:00,100031.38753238754,99881.35701938733
2020-02-08 00:00:00+00:00,100056.98853477374,99906.91962451026
2020-02-09 00:00:00+00:00,100052.04157824909,99901.98008760106
2020-02-10 00:00:00+00:00,100036.24272589205,99886.20493090576
2020-02-11 00:00:00+00:00,100031.80847269484,99881.7773283539
2020-02-12 00:00:00+00:00,100033.12336432557,99883.09024786498
2020-02-13 00:00:00+00:00,100038.15293731644,99888.11227732942
2020-02-14 00:00:00+00:00,100066.76891660289,99916.68533738665
2020-02-15 00:00:00+00:00,100080.19483334727,99930.09111747965
2020-02-16 00:00:00+00:00,100088.42761566941,99938.3115519919
2020-02-17 00:00:00+00:00,100066.22757844899,99916.14481115028
2020-02-18 00:00:00+00:00,100058.33823711897,99908.26730252554
2020-02-19 00:00:00+00:00,100092.66750479862,99942.54508198965
2020-02-20 00:00:00+00:00,100085.16572866557,99935.05455727829
2020-02-21 00:00:00+00:00,100091.88436857193,99941.76312033761
2020-02-22 00:00:00+00:00,100104.4562918239,99954.316187787
2020-02-23 00:00:00+00:00,100091.18409295204,99941.06389501518
2020-02-24 00:00:00+00:00,100069.50667005732,99919.41898466434
2020-02-25 00:00:00+00:00,100049.83745485914,99899.77927003113
2020-02-26 00:00:00+00:00,100065.65066438264,99915.56876235951
2020-02-27 00:00:00+00:00,100070.84603246472,99920.75633824996
2020-02-28 00:00:00+00:00,100063.20361357319,99913.12538172095
2020-02-29 00:00:00+00:00,100042.64971887383,99892.60231445926
2020-03-01 00:00:00+00:00,100051.24766224332,99901.18736233779
2020-03-02 00:00:00+00:00,100053.96587922506,99903.90150244428
2020-03-03 00:00:00+00:00,100075.13295388955,99925.0368300027
2020-03-04 00:00:00+00:00,100098.1106167205,99947.9800301452
2020-03-05 00:00:00+00:00,100080.8118765349,99930.7072352047
2020-03-06 00:00:00+00:00,100052.61819964115,99902.55584415654
2020-03-07 00:00:00+00:00,100053.0592315525,99902.99621459308
2020-03-08 00:00:00+00:00,100074.16977936264,99624.36611143427
2020-03-09 00:00:00+00:00,100082.41808561346,99632.57734399854
2020-03-10 00:00:00+00:00,100070.49315753813,99620.70601493282
2020-03-11 00:00:00+00:00,100078.73664629519,99628.91245165649
2020-03-12 00:00:00+00:00,100110.55750535682,99660.59028540847
2020-03-13 00:00:00+00:00,100110.84152124243,99660.87302472704
2020-03-14 00:00:00+00:00,100143.19552951363,99693.08161134124
2020-03-15 00:00:00+00:00,100091.70332932864,99641.82085330125
2020-03-16 00:00:00+00:00,100109.17439220786,99659.21338894228
2020-03-17 00:00:00+00:00,100111.92052257746,99661.94717627157
2020-03-18 00:00:00+00:00,100106.93094741792,99656.9800277703
2020-03-19 00:00:00+00:00,100109.77153042832,99659.80784320382
2020-03-20 00:00:00+00:00,100070.94679008186,99621.15760853303
2020-03-21 00:00:00+00:00,100067.54692804872,99617.77302786984
2020-03-22 00:00:00+00:00,100075.70459395758,99625.89402749353
2020-03-23 00:00:00+00:00,100106.32032541207,99656.37215032897
2020-03-24 00:00:00+00:00,100096.9371909597,99647.03119027888
2020-03-25 00:00:00+00:00,100081.73860010448,99631.9009125751
2020-03-26 00:00:00+00:00,100072.6863543832,99622.88935400955
2020-03-27 00:00:00+00:00,100092.03094969914,99642.14700111552
2020-03-28 00:00:00+00:00,100099.62031252266,99649.70225200742
2020-03-29 00:00:00+00:00,100090.0069433158,99640.13209203967
2020-03-30 00:00:00+00:00,100101.29361893875,99651.3680374082
2020-03-31 00:00:00+00:00,100104.24073871404,99654.3019107555
2020-04-01 00:00:00+00:00,100124.65220741826,99674.62163597075
2020-04-02 00:00:00+00:00,100111.58645689393,99661.61461211408
2020-04-03 00:00:00+00:00,100106.02270085693,99656.07586350787
2020-04-04 00:00:00+00:00,100099.16758457402,99649.25155893645
2020-04-05 00:00:00+00:00,100070.84376578055,99621.05504729536
2020-04-06 00:00:00+00:00,100077.77927645291,99627.95938490733
2020-04-07 00:00:00+00:00,100084.01215936344,99634.16425286054
2020-04-08 00:00:00+00:00,100085.11651525376,99635.26364499916
2020-04-09 00:00:00+00:00,100081.41778357483,99631.58153802047
2020-04-10 00:00:00+00:00,100108.77689536553,99359.92293411616
2020-04-11 00:00:00+00:00,100116.20789723625,99367.2983491007
2020-04-12 00:00:00+00:00,100122.07734959858,99373.12389559593
2020-04-13 00:00:00+00:00,100137.16363025931,99388.09732480264
2020-04-14 00:00:00+00:00,100139.3960431879,99390.31303838361
2020-04-15 00:00:00+00:00,100130.28728894089,99381.27242128614
2020-04-16 00:00:00+00:00,100091.45235852199,99342.72799178417
2020-04-17 00:00:00+00:00,100086.95139545969,99338.26069773793
2020-04-18 00:00:00+00:00,100080.7880597356,99332.1434662468
2020-04-19 00:00:00+00:00,100081.2778976138,99332.62963994042
2020-04-20 00:00:00+00:00,100118.72398457589,99369.79561509388
2020-04-21 00:00:00+00:00,100118.25302172295,99369.32817523273
2020-04-22 00:00:00+00:00,100116.04261678235,99367.13430501115
2020-04-23 00:00:00+00:00,100065.64774325053,99317.11640542549
2020-04-24 00:00:00+00:00,100068.49945573538,99319.94678595266
2020-04-25 00:00:00+00:00,100061.45701198457,99312.95702251683
2020-04-26 00:00:00+00:00,100061.1507905012,99312.65309169347
2020-04-27 00:00:00+00:00,100038.74393602743,98992.47589023848
2020-04-28 00:00:00+00:00,100062.63589271114,99016.11796982613
2020-04-29 00:00:00+00:00,100078.6984202274,99032.01250533636
2020-04-30 00:00:00+00:00,100095.54408967965,99048.68199219208
2020-05-01 00:00:00+00:00,100078.33076378192,99031.648694073
2020-05-02 00:00:00+00:00,100107.42988757872,99060.443480948
2020-05-03 00:00:00+00:00,100080.35263298397,99033.64941729642
2020-05-04 00:00:00+00:00,100093.10872878767,99046.27210183462
2020-05-05 00:00:00+00:00,100137.98452099443,99090.6785548077
2020-05-06 00:00:00+00:00,100119.14580256445,99072.03686353283
2020-05-07 00:00:00+00:00,100108.80448209216,99061.80369908825
2020-05-08 00:00:00+00:00,100111.80196326776,99064.76983072217
2020-05-09 00:00:00+00:00,100102.71895399479,99055.78181726768
2020-05-10 00:00:00+00:00,100072.66102313064,99026.03825113212
2020-05-11 00:00:00+00:00,100075.03581125833,99028.38820223333
2020-05-12 00:00:00+00:00,100054.75960913948,99008.32406137727
2020-05-13 00:00:00+00:00,100065.24704073487,99018.70180882301
2020-05-14 00:00:00+00:00,100047.8326805371,99001.46957894693
2020-05-15 00:00:00+00:00,100079.87898534977,99033.18072336682
2020-05-16 00:00:00+00:00,100065.19209666397,99018.64743939175
2020-05-17 00:00:00+00:00,100059.74276933605,99013.25510455322
2020-05-18 00:00:00+00:00,100077.03881339387,99030.37025571392
2020-05-19 00:00:00+00:00,100053.38638257659,99006.9651968807
2020-05-20 00:00:00+00:00,100047.8289262148,98704.44496829904
2020-05-21 00:00:00+00:00,100020.64869991485,98677.62970224238
2020-05-22 00:00:00+00:00,100051.82430882986,98708.3867032441
2020-05-23 00:00:00+00:00,100047.12479449176,98703.75029124656
2020-05-24 00:00:00+00:00,100040.91869174423,98697.62752043098
2020-05-25 00:00:00+00:00,100024.26162693666,98681.19411698505
2020-05-26 00:00:00+00:00,100048.02213268893,98704.6355805092
2020-05-27 00:00:00+00:00,100073.46635403339,98729.7381516735
2020-05-28 00:00:00+00:00,100062.0058983472,98718.43158030929
2020-05-29 00:00:00+00:00,100055.05467813474,98711.57369703198
2020-05-30 00:00:00+00:00,100049.03567515506,98705.6355137176
2020-05-31 00:00:00+00:00,100041.09559979837,98697.80205306681
2020-06-01 00:00:00+00:00,100053.71174915374,98710.24880011893
2020-06-02 00:00:00+00:00,100048.05823599399,98704.6711990401
2020-06-03 00:00:00+00:00,100041.18730539123,98697.89252729039
2020-06-04 00:00:00+00:00,100054.49086633604,98711.01745576963
2020-06-05 00:00:00+00:00,100016.11749700124,98673.15934168153
2020-06-06 00:00:00+00:00,100005.63305778442,98662.8156814062
2020-06-07 00:00:00+00:00,100028.47129152903,98685.34725665387
2020-06-08 00:00:00+00:00,100042.61635314421,98403.24634485279
2020-06-09 00:00:00+00:00,100024.10441146,98385.0377531118
2020-06-10 00:00:00+00:00,100040.86267743213,98401.52140612771
2020-06-11 00:00:00+00:00,100065.05851865919,98425.32075696018
2020-06-12 00:00:00+00:00,100049.62961313014,98410.14468053443
2020-06-13 00:00:00+00:00,100069.91720010494,98430.09982056973
2020-06-14 00:00:00+00:00,100079.18198149712,98439.2127826143
2020-06-15 00:00:00+00:00,100096.64045109454,98456.38516521707
2020-06-16 00:00:00+00:00,100135.61485636991,98494.7209079561
2020-06-17 00:00:00+00:00,100131.70322545333,98490.87337582705
2020-06-18 00:00:00+00:00,100117.61456850781,98477.01558571104
2020-06-19 00:00:00+00:00,100100.80765790855,98460.48408519372
2020-06-20 00:00:00+00:00,100085.47628951128,98445.40394758641
2020-06-21 00:00:00+00:00,100084.93371872138,98444.87026775033
2020-06-22 00:00:00+00:00,100092.76450285024,98452.57273103844
2020-06-23 00:00:00+00:00,100099.30478716722,98459.00584156941
2020-06-24 00:00:00+00:00,100116.86581998032,98476.27910671351
2020-06-25 00:00:00+00:00,100118.1271052269,98477.51972363613
2020-06-26 00:00:00+00:00,100148.22755606608,98507.12692691601
2020-06-27 00:00:00+00:00,100143.9301692929,98502.8999602023
2020-06-28 00:00:00+00:00,100199.38840072375,98557.4494133081
2020-06-29 00:00:00+00:00,100212.91512558755,98570.75447956419
2020-06-30 00:00:00+00:00,100196.75599310394,98554.8601422061
2020-07-01 00:00:00+00:00,100176.31792993209,98534.75699178457
2020-07-02 00:00:00+00:00,100186.97792095042,98545.24230055045
2020-07-03 00:00:00+00:00,100183.50523075905,98541.82651634929
2020-07-04 00:00:00+00:00,100198.80036750581,98556.8710160239
2020-07-05 00:00:00+00:00,100209.27547986606,98567.1744756859
2020-07-06 00:00:00+00:00,100208.81844961076,98566.7249346559
2020-07-07 00:00:00+00:00,100192.86679909343,98551.0346793159
2020-07-08 00:00:00+00:00,100163.54085128587,98522.18928750591
2020-07-09 00:00:00+00:00,100155.60270142747,98514.38121786006
2020-07-10 00:00:00+00:00,100173.74862360091,98532.2297879483
2020-07-11 00:00:00+00:00,100179.03572742044,98537.43025349558
2020-07-12 00:00:00+00:00,100155.09727675813,98513.88407544159
2020-07-13 00:00:00+00:00,100159.56531415673,98518.27889637732
2020-07-14 00:00:00+00:00,100168.28028083892,98526.85105336978
2020-07-15 00:00:00+00:00,100151.58662211407,98510.4309489005
2020-07-16 00:00:00+00:00,100155.66515789811,98514.44265087425
2020-07-17 00:00:00+00:00,100157.83147475081,98516.5734689065
2020-07-18 00:00:00+00:00,100135.95042847565,98495.05098113693
2020-07-19 00:00:00+00:00,100144.1142496883,98503.08102412448
2020-07-20 00:00:00+00:00,100131.88646590301,98195.54437049512
2020-07-21 00:00:00+00:00,100109.20854584561,98173.30499417034
2020-07-22 00:00:00+00:00,100087.12605052779,98151.64952831098
2020-07-23 00:00:00+00:00,100113.67548583803,98177.68555284855
2020-07-24 00:00:00+00:00,100131.43876525488,98195.1053274449
2020-07-25 00:00:00+00:00,100120.12973338316,98184.01498869125
2020-07-26 00:00:00+00:00,100108.84825483806,98172.9516704403
2020-07-27 00:00:00+00:00,100097.54407647911,98161.86609134263
2020-07-28 00:00:00+00:00,100019.48480514972,98085.3163237123
2020-07-29 00:00:00+00:00,100031.88400011684,97803.21979510688
2020-07-30 00:00:00+00:00,100055.55976785005,97826.36807766274
2020-07-31 00:00:00+00:00,100075.60970161209,97845.97130815477
2020-08-01 00:00:00+00:00,100089.61649785619,97859.66603944349
2020-08-02 00:00:00+00:00,100084.31906614089,97854.48663206173
2020-08-03 00:00:00+00:00,100100.47419641676,97870.2818334916
2020-08-04 00:00:00+00:00,100086.03936353102,97856.16860202003
2020-08-05 00:00:00+00:00,100082.30859250367,97852.52095084918
2020-08-06 00:00:00+00:00,100073.61437441182,97844.02043592355
2020-08-07 00:00:00+00:00,100076.24790341125,97846.59529111239
2020-08-08 00:00:00+00:00,100123.47017866577,97892.76547587005
2020-08-09 00:00:00+00:00,100087.17935920267,97857.28319911427
2020-08-10 00:00:00+00:00,100101.88248880403,97871.65874977448
2020-08-11 00:00:00+00:00,100070.67502399116,97841.1465728736
2020-08-12 00:00:00+00:00,100062.24903683776,97832.90831282489
2020-08-13 00:00:00+00:00,100084.99390129696,97855.146432202
2020-08-14 00:00:00+00:00,100087.27607538916,97857.3777605088
2020-08-15 00:00:00+00:00,100066.75199319024,97837.31094538822
2020-08-16 00:00:00+00:00,100053.46586582737,97824.32082681068
2020-08-17 00:00:00+00:00,100068.03594635014,97838.56629266433
2020-08-18 00:00:00+00:00,100054.44901214757,97825.28206908463
2020-08-19 00:00:00+00:00,100059.77019510332,97830.48469854017
2020-08-20 00:00:00+00:00,100061.67876651153,97832.3507478583
2020-08-21 00:00:00+00:00,100049.66479645758,97820.60444351201
2020-08-22 00:00:00+00:00,100093.47790044616,97863.44141176602
2020-08-23 00:00:00+00:00,100107.13577595465,97876.79499611208
2020-08-24 00:00:00+00:00,100067.69214201588,97838.23014813193
2020-08-25 00:00:00+00:00,100072.41413904942,97842.84694125103
2020-08-26 00:00:00+00:00,100084.63152605126,97561.26358968577
2020-08-27 00:00:00+00:00,100066.60551479581,97543.6920563869
2020-08-28 00:00:00+00:00,100081.4319470326,97558.14467954685
2020-08-29 00:00:00+00:00,100082.7249680581,97559.40510048433
2020-08-30 00:00:00+00:00,100071.63957709148,97548.59919818347
2020-08-31 00:00:00+00:00,100053.3522105464,97530.77289897387
2020-09-01 00:00:00+00:00,100030.38951783505,97215.79683082228
2020-09-02 00:00:00+00:00,100036.0688491922,96929.6689702048
2020-09-03 00:00:00+00:00,100044.5527465871,96937.88941884422
2020-09-04 00:00:00+00:00,100056.60006524489,96949.56263454443
2020-09-05 00:00:00+00:00,100020.34022124665,96914.42876017198
2020-09-06 00:00:00+00:00,100011.25951152018,96905.630031894
2020-09-07 00:00:00+00:00,100035.42243730742,96929.04263121795
2020-09-08 00:00:00+00:00,100016.09962818172,96910.3198493886
2020-09-09 00:00:00+00:00,99972.75052432631,96868.31685651616
2020-09-10 00:00:00+00:00,99994.33425806298,96598.62540435077
2020-09-11 00:00:00+00:00,99965.0358673787,96570.32195808392
2020-09-12 00:00:00+00:00,99956.37749010813,96561.95761075591
2020-09-13 00:00:00+00:00,99982.63593981061,96587.32434943496
2020-09-14 00:00:00+00:00,99969.52238951948,96574.65612236295
2020-09-15 00:00:00+00:00,99979.36886444995,96584.1682207275
2020-09-16 00:00:00+00:00,99995.81159244136,96600.05256991241
2020-09-17 00:00:00+00:00,99978.32610399764,96583.1608713905
2020-09-18 00:00:00+00:00,99978.13617388488,96582.97739111682
2020-09-19 00:00:00+00:00,99914.50414146707,96521.50623968757
2020-09-20 00:00:00+00:00,99895.07541319904,96502.73729184695
2020-09-21 00:00:00+00:00,99891.0363209505,96498.83536318285
2020-09-22 00:00:00+00:00,99867.15321429023,96475.7633032418
2020-09-23 00:00:00+00:00,99900.69952653041,96508.17041584304
2020-09-24 00:00:00+00:00,99873.1803024902,96481.58571747785
2020-09-25 00:00:00+00:00,99880.95756486812,96199.65411455251
2020-09-26 00:00:00+00:00,99877.35314055414,96196.1825381806
2020-09-27 00:00:00+00:00,99847.61552520472,96167.54095943972
2020-09-28 00:00:00+00:00,99875.23467590947,96194.14215359637
2020-09-29 00:00:00+00:00,99851.04389019661,96170.84296549213
2020-09-30 00:00:00+00:00,99849.8434097182,96169.68673101452
2020-10-01 00:00:00+00:00,99868.40848085115,96187.56755099406
2020-10-02 00:00:00+00:00,99858.19840557892,96177.73378754588
2020-10-03 00:00:00+00:00,99853.23378716082,96172.95214962133
2020-10-04 00:00:00+00:00,99864.20041600714,96183.51458241671
2020-10-05 00:00:00+00:00,99861.8120602959,96181.21425411664
2020-10-06 00:00:00+00:00,99868.4965002109,96187.65232623219
2020-10-07 00:00:00+00:00,99865.23636338256,96184.51234797307
2020-10-08 00:00:00+00:00,99851.03914251195,96170.83839279243
2020-10-09 00:00:00+00:00,99818.43236146716,96139.43339693765
2020-10-10 00:00:00+00:00,99842.09076908676,96162.21982876003
2020-10-11 00:00:00+00:00,99798.58941597985,96120.32180110364
2020-10-12 00:00:00+00:00,99836.45934619743,96156.79596271655
2020-10-13 00:00:00+00:00,99838.48739186076,96158.74926088368
2020-10-14 00:00:00+00:00,99825.76854499374,96146.49919140922
2020-10-15 00:00:00+00:00,99832.3620730336,95864.41020480618
2020-10-16 00:00:00+00:00,99820.95360439605,95853.455178855
2020-10-17 00:00:00+00:00,99817.80372793961,95850.43049785533
2020-10-18 00:00:00+00:00,99808.97892174621,95841.95644371763
2020-10-19 00:00:00+00:00,99798.23449870964,95831.63907011246
2020-10-20 00:00:00+00:00,99816.15503461887,95848.84733374382
2020-10-21 00:00:00+00:00,99824.2629921881,95856.63303122908
2020-10-22 00:00:00+00:00,99811.45590278001,95844.33497429593
2020-10-23 00:00:00+00:00,99830.37242011966,95862.49963293204
2020-10-24 00:00:00+00:00,99837.49001012465,95869.33432614912
2020-10-25 00:00:00+00:00,99854.67866679472,95885.83979992209
2020-10-26 00:00:00+00:00,99868.21722245944,95898.84025014557
2020-10-27 00:00:00+00:00,99852.69924166265,95883.93904931487
2020-10-28 00:00:00+00:00,99842.5361732557,95874.17992373204
2020-10-29 00:00:00+00:00,99858.41867144922,95889.43115379695
2020-10-30 00:00:00+00:00,99871.57358637692,95902.06321152503
2020-10-31 00:00:00+00:00,99872.15324157335,95902.61982766006
2020-11-01 00:00:00+00:00,99875.48648900699,95905.82059134687
2020-11-02 00:00:00+00:00,99901.93425576875,95931.21716124867
2020-11-03 00:00:00+00:00,99891.14587549132,95920.85757753368
2020-11-04 00:00:00+00:00,99903.04036206042,95932.27930407564
2020-11-05 00:00:00+00:00,99900.0086062407,95929.36804887235
2020-11-06 00:00:00+00:00,99896.66831053255,95926.16051705278
2020-11-07 00:00:00+00:00,99919.5525355648,95948.13518228313
2020-11-08 00:00:00+00:00,99936.9912789487,95964.8808027863
2020-11-09 00:00:00+00:00,99954.19283449327,95981.39866275318
2020-11-10 00:00:00+00:00,99981.19466865774,96007.32727801256
2020-11-11 00:00:00+00:00,99982.60910165861,96008.68549274962
2020-11-12 00:00:00+00:00,99997.18998085998,96022.68683816388
2020-11-13 00:00:00+00:00,99992.00533336643,96017.70826043849
2020-11-14 00:00:00+00:00,99999.45891932181,96024.86559506113
2020-11-15 00:00:00+00:00,99997.86242850835,96023.3325586083
2020-11-16 00:00:00+00:00,100000.7906636446,96026.14440767658
2020-11-17 00:00:00+00:00,100013.64252301634,96038.48545513977
2020-11-18 00:00:00+00:00,99998.339172362,96023.79035373003
2020-11-19 00:00:00+00:00,100041.01662746412,96064.77154437255
2020-11-20 00:00:00+00:00,100021.97227010687,96046.4841268671
2020-11-21 00:00:00+00:00,99998.78103488227,96024.21465391704
2020-11-22 00:00:00+00:00,100022.84722410367,96047.32430481257
2020-11-23 00:00:00+00:00,100039.6135773398,96063.42426008651
2020-11-24 00:00:00+00:00,100053.04239039903,96076.3193295504
2020-11-25 00:00:00+00:00,100066.55538141793,96089.29523122429
2020-11-26 00:00:00+00:00,100067.30744509713,96090.01740326894
2020-11-27 00:00:00+00:00,100050.42970277225,96073.81048619348
2020-11-28 00:00:00+00:00,100052.9357941988,96076.21697013854
2020-11-29 00:00:00+00:00,100040.44241072488,96064.22015053694
2020-11-30 00:00:00+00:00,100060.86332243108,96083.82940965802
2020-12-01 00:00:00+00:00,100058.92988953198,96081.97282326965
2020-12-02 00:00:00+00:00,100043.4815869895,96067.13853125104
2020-12-03 00:00:00+00:00,100038.07544160956,96061.9472593271
2020-12-04 00:00:00+00:00,100047.29727399227,96070.80255939232
2020-12-05 00:00:00+00:00,100037.06361699385,96060.97565084262
2020-12-06 00:00:00+00:00,100021.68059001512,96046.20403993552
2020-12-07 00:00:00+00:00,100027.53099013877,96051.8219091882
2020-12-08 00:00:00+00:00,100033.40687576319,96057.4642509912
2020-12-09 00:00:00+00:00,100024.30433297252,96048.7234992162
2020-12-10 00:00:00+00:00,100015.91703363208,96040.66956271921
2020-12-11 00:00:00+00:00,100021.53561327676,96046.06482546407
2020-12-12 00:00:00+00:00,99993.68505498115,96019.32121958876
2020-12-13 00:00:00+00:00,100020.72643071243,95757.22984113118
2020-12-14 00:00:00+00:00,100034.04938691591,95769.98489125795
2020-12-15 00:00:00+00:00,100037.3079676214,95773.10457127535
2020-12-16 00:00:00+00:00,100030.1122285788,95766.21555874798
2020-12-17 00:00:00+00:00,99999.70420332547,95737.10370996316
2020-12-18 00:00:00+00:00,99981.6209770754,95719.79130168451
2020-12-19 00:00:00+00:00,99983.81048113976,95721.88747566176
2020-12-20 00:00:00+00:00,99983.193389843,95721.29668857947
2020-12-21 00:00:00+00:00,100002.16428673496,95739.45892953494
2020-12-22 00:00:00+00:00,100001.53694568588,95738.8583296076
2020-12-23 00:00:00+00:00,100006.29189627155,95743.41059504662
2020-12-24 00:00:00+00:00,99998.86527685297,95736.30054368041
2020-12-25 00:00:00+00:00,100014.34972488272,95751.12494959967
2020-12-26 00:00:00+00:00,100003.00335832249,95740.26223474705
2020-12-27 00:00:00+00:00,99971.46849996001,95710.07158538884
2020-12-28 00:00:00+00:00,99972.63851269541,95711.19172500809
2020-12-29 00:00:00+00:00,99963.6439670318,95702.58058202639
2020-12-30 00:00:00+00:00,99948.90877021254,95688.47348963736
2020-12-31 00:00:00+00:00,99955.8990009328,95695.16575386706
2021-01-01 00:00:00+00:00,99950.44306126812,95689.94237980136
2021-01-02 00:00:00+00:00,99951.68885641493,95404.06524438162
2021-01-03 00:00:00+00:00,99954.62809767383,95406.87075540442
2021-01-04 00:00:00+00:00,99940.23781916431,95393.13520890675
2021-01-05 00:00:00+00:00,99941.720817297,95394.55073326884
2021-01-06 00:00:00+00:00,99952.62779007919,95404.96145823845
2021-01-07 00:00:00+00:00,99982.50549724353,95433.47978300386
2021-01-08 00:00:00+00:00,100002.59331431493,95452.65364021852
2021-01-09 00:00:00+00:00,100046.44390925688,95494.50911128371
2021-01-10 00:00:00+00:00,100032.16632761332,95480.88113414556
2021-01-11 00:00:00+00:00,100050.52354923588,95498.40313491834
2021-01-12 00:00:00+00:00,100055.167824494,95502.83610393376
2021-01-13 00:00:00+00:00,100099.74728764259,95545.38728100191
2021-01-14 00:00:00+00:00,100084.65465160472,95530.981332991
2021-01-15 00:00:00+00:00,100068.93658318046,95515.97840865205
2021-01-16 00:00:00+00:00,100058.00185815243,95505.54119411432
2021-01-17 00:00:00+00:00,100016.72449546805,95466.14187782751
2021-01-18 00:00:00+00:00,100007.25540194102,95457.10361117093
2021-01-19 00:00:00+00:00,99993.14132391907,95443.63169853116
2021-01-20 00:00:00+00:00,99997.12982098144,95447.43872608936
2021-01-21 00:00:00+00:00,100004.92705654465,95454.88120133823
2021-01-22 00:00:00+00:00,100043.26420695697,95491.4740797685
2021-01-23 00:00:00+00:00,100063.17593980007,95510.47986427325
2021-01-24 00:00:00+00:00,100052.68881981637,95500.46988954848
2021-01-25 00:00:00+00:00,100035.80257057758,95484.35193453898
2021-01-26 00:00:00+00:00,100046.58854883372,95494.6471700177
2021-01-27 00:00:00+00:00,100021.30671997159,95470.51561928696
2021-01-28 00:00:00+00:00,100058.75395270536,95506.25906970618
2021-01-29 00:00:00+00:00,100083.22386465267,95529.61564429392
2021-01-30 00:00:00+00:00,100074.88088712608,95521.65225736784
2021-01-31 00:00:00+00:00,100041.77902653324,95490.0564724057
2021-02-01 00:00:00+00:00,100069.7207154387,95516.72686429076
2021-02-02 00:00:00+00:00,100068.43615972604,95515.50075357246
2021-02-03 00:00:00+00:00,100094.0679503494,95539.9663434283
2021-02-04 00:00:00+00:00,100063.32874785982,95510.62571983875
2021-02-05 00:00:00+00:00,100052.39437357745,95500.18884008839
2021-02-06 00:00:00+00:00,100053.49390534394,95501.23834512016
2021-02-07 00:00:00+00:00,100055.42413891126,95503.0807565021
2021-02-08 00:00:00+00:00,100047.46151698664,95495.48041967633
2021-02-09 00:00:00+00:00,100060.85344907086,95508.26304273082
2021-02-10 00:00:00+00:00,100040.59944736466,95488.9305619859
2021-02-11 00:00:00+00:00,100038.76079103148,95487.17556123725
2021-02-12 00:00:00+00:00,100042.15023557848,95490.4107921013
2021-02-13 00:00:00+00:00,100053.38442936819,95501.1338501061
2021-02-14 00:00:00+00:00,100068.5430765365,95515.6028058587
2021-02-15 00:00:00+00:00,100047.15415574325,95495.18704282145
2021-02-16 00:00:00+00:00,100017.61539052358,95466.99223874659
2021-02-17 00:00:00+00:00,100044.04053671716,95492.21508790892
2021-02-18 00:00:00+00:00,100036.43122736432,95198.4753432992
2021-02-19 00:00:00+00:00,100050.3312977695,95211.70317933356
2021-02-20 00:00:00+00:00,100018.45908568747,95181.37236925965
2021-02-21 00:00:00+00:00,100015.16329993152,95178.23597409666
2021-02-22 00:00:00+00:00,99990.71035234004,95154.96561848922
2021-02-23 00:00:00+00:00,99993.04686499549,94871.72423600437
2021-02-24 00:00:00+00:00,100035.01293858452,94911.54094212176
2021-02-25 00:00:00+00:00,100070.90688203182,94945.59651309635
2021-02-26 00:00:00+00:00,100066.95105954909,94941.84329513293
2021-02-27 00:00:00+00:00,100087.26202193298,94961.11399527326
2021-02-28 00:00:00+00:00,100101.0875469653,94974.23142132843
2021-03-01 00:00:00+00:00,100129.29290281917,95000.99218946624
2021-03-02 00:00:00+00:00,100111.10231510265,94983.73326521461
2021-03-03 00:00:00+00:00,100125.73655416621,94997.61798556638
2021-03-04 00:00:00+00:00,100147.77434609516,95018.52707258995
2021-03-05 00:00:00+00:00,100113.80103919936,94986.29376933283
2021-03-06 00:00:00+00:00,100091.26949501198,94964.91621845527
2021-03-07 00:00:00+00:00,100051.71940806246,94927.39175990318
2021-03-08 00:00:00+00:00,100047.35714232162,94923.25291539966
2021-03-09 00:00:00+00:00,100062.61748412262,94937.73167151802
2021-03-10 00:00:00+00:00,100093.48158187522,94967.01500933582
2021-03-11 00:00:00+00:00,100095.94884507882,94969.35590724432
2021-03-12 00:00:00+00:00,100129.32322516596,95001.02095879984
2021-03-13 00:00:00+00:00,100102.87803243674,94975.93020388603
2021-03-14 00:00:00+00:00,100070.00533915922,94944.74114435342
2021-03-15 00:00:00+00:00,100069.89503932788,94944.63649372509
2021-03-16 00:00:00+00:00,100078.52516628806,94952.82461330696
2021-03-17 00:00:00+00:00,100078.86923080964,94953.15105594907
2021-03-18 00:00:00+00:00,100038.75827173496,94915.09445134024
2021-03-19 00:00:00+00:00,100037.98048371126,94914.35649912045
2021-03-20 00:00:00+00:00,100013.03901213488,94890.69244959277
2021-03-21 00:00:00+00:00,100027.34760426386,94904.2682015998
2021-03-22 00:00:00+00:00,100019.06476174787,94611.69677506373
2021-03-23 00:00:00+00:00,100036.7544990899,94628.43014554087
2021-03-24 00:00:00+00:00,100045.97887652094,94637.15582201588
2021-03-25 00:00:00+00:00,100066.05162384541,94656.14336891836
2021-03-26 00:00:00+00:00,100066.30390590057,94656.38201175471
2021-03-27 00:00:00+00:00,100046.3040081528,94637.46337593513
2021-03-28 00:00:00+00:00,100064.91524915633,94655.06843047775
2021-03-29 00:00:00+00:00,100053.89137053398,94644.6405399152
2021-03-30 00:00:00+00:00,100063.44496423975,94653.67763412277
2021-03-31 00:00:00+00:00,100078.22549118854,94667.65907593274
2021-04-01 00:00:00+00:00,100079.36052776003,94668.7327485989
2021-04-02 00:00:00+00:00,100098.96958221764,94687.28167143486
2021-04-03 00:00:00+00:00,100108.99752898037,94696.76747357319
2021-04-04 00:00:00+00:00,100131.85701638315,94718.39109998617
2021-04-05 00:00:00+00:00,100091.71631665152,94680.42054186914
2021-04-06 00:00:00+00:00,100090.01891602957,94678.81490844984
2021-04-07 00:00:00+00:00,100102.95301332453,94691.04974482072
2021-04-08 00:00:00+00:00,100097.69660218533,94686.0775129966
2021-04-09 00:00:00+00:00,100098.9375581683,94687.25137871361
2021-04-10 00:00:00+00:00,100102.34165967941,94690.47144301563
2021-04-11 00:00:00+00:00,100089.11682524954,94677.96158773995
2021-04-12 00:00:00+00:00,100073.04204398644,94662.75586336917
2021-04-13 00:00:00+00:00,100082.60414493163,94671.80100488606
2021-04-14 00:00:00+00:00,100093.07006798258,94681.70110483728
2021-04-15 00:00:00+00:00,100097.55044966313,94685.9392619727
2021-04-16 00:00:00+00:00,100142.38623518798,94728.35107370932
2021-04-17 00:00:00+00:00,100171.58435728421,94755.9706468452
2021-04-18 00:00:00+00:00,100143.33261580422,94729.24628979749
2021-04-19 00:00:00+00:00,100109.5548928393,94697.29470446202
2021-04-20 00:00:00+00:00,100113.51865594722,94701.04417316729
2021-04-21 00:00:00+00:00,100101.03991061548,94689.24007089667
2021-04-22 00:00:00+00:00,100093.84690935581,94682.43594754576
2021-04-23 00:00:00+00:00,100031.55542215778,94623.51214824323
2021-04-24 00:00:00+00:00,100008.29984222497,94601.51384339832
2021-04-25 00:00:00+00:00,100009.84841891713,94602.97869881145
2021-04-26 00:00:00+00:00,100027.84618067917,94620.00344086955
2021-04-27 00:00:00+00:00,99996.90042398314,94306.87070583217
2021-04-28 00:00:00+00:00,100001.9398679426,94311.62339504452
2021-04-29 00:00:00+00:00,99987.89597961755,94298.37863290828
2021-04-30 00:00:00+00:00,99960.61239850734,94272.64754379209
2021-05-01 00:00:00+00:00,99948.75114824325,94261.46122311291
2021-05-02 00:00:00+00:00,99928.24158544968,94242.11869671055
2021-05-03 00:00:00+00:00,99962.77998339236,94274.69178862998
2021-05-04 00:00:00+00:00,99981.30313891124,94292.16093842537
2021-05-05 00:00:00+00:00,99982.13874011347,94292.9489921971
2021-05-06 00:00:00+00:00,100012.55757207985,94321.6369299343
2021-05-07 00:00:00+00:00,100015.08994894885,94324.02520934049
2021-05-08 00:00:00+00:00,99998.95974055112,94308.81284304339
2021-05-09 00:00:00+00:00,100030.2370896728,94338.31044654043
2021-05-10 00:00:00+00:00,100041.94598492382,94349.35308152075
2021-05-11 00:00:00+00:00,100022.31724547212,94330.84125779681
2021-05-12 00:00:00+00:00,100019.52698760683,94328.20977135451
2021-05-13 00:00:00+00:00,100003.11178506467,94312.72862766714
2021-05-14 00:00:00+00:00,99976.61264040279,94287.73733894872
2021-05-15 00:00:00+00:00,99996.02131032279,94306.04161555086
2021-05-16 00:00:00+00:00,100034.97905003598,94342.78257958619
2021-05-17 00:00:00+00:00,100008.16640414874,94317.49562850822
2021-05-18 00:00:00+00:00,100020.35365186416,94328.9893967119
2021-05-19 00:00:00+00:00,100008.41148684156,94317.72676549075
2021-05-20 00:00:00+00:00,99999.72042207718,94309.53024022291
2021-05-21 00:00:00+00:00,99988.93637498579,94299.35982763591
2021-05-22 00:00:00+00:00,99972.75235374234,94284.09671055492
2021-05-23 00:00:00+00:00,99970.79351565841,93999.3970442633
2021-05-24 00:00:00+00:00,99986.32000375616,94013.99611333215
2021-05-25 00:00:00+00:00,99979.94685041322,94008.00363742554
2021-05-26 00:00:00+00:00,99979.95158526195,94008.00808945508
2021-05-27 00:00:00+00:00,99983.70885111531,94011.54092852067
2021-05-28 00:00:00+00:00,100000.76294032605,94027.57635293387
2021-05-29 00:00:00+00:00,100011.24224446302,94037.42971345727
2021-05-30 00:00:00+00:00,99995.21686840213,94022.3615557068
2021-05-31 00:00:00+00:00,99984.25843485071,94012.05768484455
2021-06-01 00:00:00+00:00,100002.70462808949,94029.40206094911
2021-06-02 00:00:00+00:00,99999.73377630675,94026.60866233271
2021-06-03 00:00:00+00:00,99983.79174082351,94011.6188671097
2021-06-04 00:00:00+00:00,100015.99638400094,94041.89988153648
2021-06-05 00:00:00+00:00,100004.18879797157,94030.79757927122
2021-06-06 00:00:00+00:00,100016.37684171998,94042.25761397945
2021-06-07 00:00:00+00:00,100004.02712863922,94030.64556667606
2021-06-08 00:00:00+00:00,100018.2172507676,94043.9880927994
2021-06-09 00:00:00+00:00,100053.1401242633,94076.8249738144
2021-06-10 00:00:00+00:00,100084.55579659803,94106.36414373948
2021-06-11 00:00:00+00:00,100082.60127535116,94104.52636880288
2021-06-12 00:00:00+00:00,100076.42973132165,94098.7234598011
2021-06-13 00:00:00+00:00,100093.4507822024,94114.72781931036
2021-06-14 00:00:00+00:00,100079.72688348513,94101.82366841636
2021-06-15 00:00:00+00:00,100111.83625948097,94132.01510610463
2021-06-16 00:00:00+00:00,100112.15685351161,94132.31655060172
2021-06-17 00:00:00+00:00,100135.30498211792,94154.08200884385
2021-06-18 00:00:00+00:00,100147.3098306272,94165.36979082294
2021-06-19 00:00:00+00:00,100145.3665496107,94163.54258472189
2021-06-20 00:00:00+00:00,100161.53514585806,94178.74540791509
2021-06-21 00:00:00+00:00,100168.21203533863,94185.0234773715
2021-06-22 00:00:00+00:00,100147.12826966688,94165.19907475478
2021-06-23 00:00:00+00:00,100157.64068547715,94175.08356914452
2021-06-24 00:00:00+00:00,100139.96586602692,94158.46449158435
2021-06-25 00:00:00+00:00,100161.50482891184,94178.71690184281
2021-06-26 00:00:00+00:00,100149.93339728983,94167.83664814914
2021-06-27 00:00:00+00:00,100120.17232018813,94139.85324215057
2021-06-28 00:00:00+00:00,100168.46237306847,94185.25886207572
2021-06-29 00:00:00+00:00,100183.37059782915,94199.27659754848
2021-06-30 00:00:00+00:00,100170.85034780555,94187.50419971433
2021-07-01 00:00:00+00:00,100173.90531953143,94190.37669367103
2021-07-02 00:00:00+00:00,100165.4982237865,94182.47176561029
2021-07-03 00:00:00+00:00,100176.55525917564,94192.86834868345
2021-07-04 00:00:00+00:00,100173.82845055503,94190.30441618696
2021-07-05 00:00:00+00:00,100175.93802195635,94192.28797991366
2021-07-06 00:00:00+00:00,100151.62714360413,94169.42922460762
2021-07-07 00:00:00+00:00,100145.55286550075,94163.71777170106
2021-07-08 00:00:00+00:00,100137.81975248033,94156.44656842627
2021-07-09 00:00:00+00:00,100145.0384937387,94163.23412408971
2021-07-10 00:00:00+00:00,100153.76914498411,94171.44328122462
2021-07-11 00:00:00+00:00,100161.40286759971,94178.62103082363
2021-07-12 00:00:00+00:00,100152.53273562867,94170.28072434352
2021-07-13 00:00:00+00:00,100159.93532908507,94177.24115045393
2021-07-14 00:00:00+00:00,100153.15448755393,94170.8653381495
2021-07-15 00:00:00+00:00,100110.74388990142,94130.98798530045
2021-07-16 00:00:00+00:00,100129.10860403183,93865.86278520279
2021-07-17 00:00:00+00:00,100123.60544768108,93860.70386062923
2021-07-18 00:00:00+00:00,100148.55124048298,93884.08925171936
2021-07-19 00:00:00+00:00,100141.41219422987,93877.3967649355
2021-07-20 00:00:00+00:00,100101.7744137989,93840.23839499778
2021-07-21 00:00:00+00:00,100082.67278603156,93822.33160649263
2021-07-22 00:00:00+00:00,100046.37116151102,93788.30071024646
2021-07-23 00:00:00+00:00,100040.35980504622,93782.66537433921
2021-07-24 00:00:00+00:00,100041.72388090954,93783.94412494032
2021-07-25 00:00:00+00:00,100076.14433189285,93816.21151824929
2021-07-26 00:00:00+00:00,100083.6592356201,93823.25635198386
2021-07-27 00:00:00+00:00,100080.28783231358,93820.0958356807
2021-07-28 00:00:00+00:00,100097.82078093923,93836.53206858899
2021-07-29 00:00:00+00:00,100054.73363758158,93796.14009923462
2021-07-30 00:00:00+00:00,100049.039262334,93509.41349653334
2021-07-31 00:00:00+00:00,100032.67531209248,93494.11916286605
2021-08-01 00:00:00+00:00,100061.14486898467,93520.72782984699
2021-08-02 00:00:00+00:00,100037.34161659992,93498.48045809589
2021-08-03 00:00:00+00:00,100029.5987491087,93491.24369697132
2021-08-04 00:00:00+00:00,100036.87793641008,93498.04708599235
2021-08-05 00:00:00+00:00,100023.26998415077,93485.32860669422
2021-08-06 00:00:00+00:00,99977.03078423596,93442.11179525394
2021-08-07 00:00:00+00:00,99972.41517899718,93437.79788537542
2021-08-08 00:00:00+00:00,99966.4792509249,93432.24995451384
2021-08-09 00:00:00+00:00,99958.33209936728,93144.33858516531
2021-08-10 00:00:00+00:00,99942.41349720508,93129.50512767902
2021-08-11 00:00:00+00:00,99959.93405016226,93145.8313336347
2021-08-12 00:00:00+00:00,99943.89126956157,93130.88216274786
2021-08-13 00:00:00+00:00,99946.31069594067,93133.13666084825
2021-08-14 00:00:00+00:00,99937.79940422361,93125.2055697542
2021-08-15 00:00:00+00:00,99948.32722653425,93135.0157278998
2021-08-16 00:00:00+00:00,99955.96291749105,93142.13090648345
2021-08-17 00:00:00+00:00,99977.60727277944,93162.2998020132
2021-08-18 00:00:00+00:00,99968.45196917164,93153.76860024956
2021-08-19 00:00:00+00:00,99964.07599085137,93149.6909251049
2021-08-20 00:00:00+00:00,99945.5916198179,93132.46660295072
2021-08-21 00:00:00+00:00,99937.74434629572,93125.1542650338
2021-08-22 00:00:00+00:00,99946.24853387539,93133.07873626774
2021-08-23 00:00:00+00:00,99962.3093217339,93148.04468688754
2021-08-24 00:00:00+00:00,99944.95137893244,93131.87000622327
2021-08-25 00:00:00+00:00,99963.25349037688,93148.92449312196
2021-08-26 00:00:00+00:00,99991.22866994013,93174.99265114834
2021-08-27 00:00:00+00:00,100000.45200904724,93183.58725054427
2021-08-28 00:00:00+00:00,100038.79933905146,93219.32050673946
2021-08-29 00:00:00+00:00,100024.39439635302,93205.89752506475
2021-08-30 00:00:00+00:00,100000.6182298021,93183.74214030629
2021-08-31 00:00:00+00:00,99966.2130243114,93151.68228054259
2021-09-01 00:00:00+00:00,99996.98259056611,93180.35433655989
2021-09-02 00:00:00+00:00,100011.00096349997,93193.41710028895
2021-09-03 00:00:00+00:00,100010.88981668465,93193.31353016746
2021-09-04 00:00:00+00:00,100017.4568933422,93199.43294011419
2021-09-05 00:00:00+00:00,99996.05237650454,93179.48753364624
2021-09-06 00:00:00+00:00,100045.72314293825,93225.77232641257
2021-09-07 00:00:00+00:00,100049.29002520163,93229.096060235
2021-09-08 00:00:00+00:00,100052.46232023663,93232.0521051852
2021-09-09 00:00:00+00:00,100067.90172411069,93246.43903053495
2021-09-10 00:00:00+00:00,100078.46993591185,93256.28682488659
2021-09-11 00:00:00+00:00,100083.92080984123,93261.36612179162
2021-09-12 00:00:00+00:00,100069.18379509497,93247.6337048692
2021-09-13 00:00:00+00:00,100079.56212322271,93257.30455960211
2021-09-14 00:00:00+00:00,100118.01351514482,93293.13478398706
2021-09-15 00:00:00+00:00,100145.78533852934,93319.01344828773
2021-09-16 00:00:00+00:00,100178.48824322717,93349.48705027686
2021-09-17 00:00:00+00:00,100169.30907144782,93340.93360739529
2021-09-18 00:00:00+00:00,100150.60893940413,93323.50823230068
2021-09-19 00:00:00+00:00,100149.10061869049,93322.10273130545
2021-09-20 00:00:00+00:00,100151.20476904973,93324.06344522873
2021-09-21 00:00:00+00:00,100173.97661101703,93345.28296854273
2021-09-22 00:00:00+00:00,100141.28807559182,93314.82275629677
2021-09-23 00:00:00+00:00,100172.72448258619,93344.11619562781
2021-09-24 00:00:00+00:00,100170.57489594971,93342.11314274286
2021-09-25 00:00:00+00:00,100163.07416200198,93335.12372137306
2021-09-26 00:00:00+00:00,100143.92624101516,93317.28108236399
2021-09-27 00:00:00+00:00,100111.98618384644,93287.51832585467
2021-09-28 00:00:00+00:00,100129.36413345323,93303.71164949358
2021-09-29 00:00:00+00:00,100131.81842298011,93305.99863417886
2021-09-30 00:00:00+00:00,100107.14056687063,93283.00302654173
2021-10-01 00:00:00+00:00,100082.36085422935,93259.91250576347
2021-10-02 00:00:00+00:00,100076.67313158515,93254.61250572721
2021-10-03 00:00:00+00:00,100110.88531187171,93286.4924984944
2021-10-04 00:00:00+00:00,100106.71399871836,93282.60553683207
2021-10-05 00:00:00+00:00,100077.79336685722,93255.65637642099
2021-10-06 00:00:00+00:00,100081.68906967412,92979.51954651656
2021-10-07 00:00:00+00:00,100086.12208698419,92983.63798040256
2021-10-08 00:00:00+00:00,100138.80952293701,93032.58651960657
2021-10-09 00:00:00+00:00,100138.89510418907,93032.66602769414
2021-10-10 00:00:00+00:00,100142.50048518003,93036.01555741769
2021-10-11 00:00:00+00:00,100127.63017837258,93022.20050298248
2021-10-12 00:00:00+00:00,100089.79925639159,92987.05420416906
2021-10-13 00:00:00+00:00,100066.3774837173,92965.29452774447
2021-10-14 00:00:00+00:00,100070.73284205428,92969.34081362742
2021-10-15 00:00:00+00:00,100091.75699589551,92988.873015184
2021-10-16 00:00:00+00:00,100039.53196346085,92940.35406562174
2021-10-17 00:00:00+00:00,100037.35994456644,92938.3361812802
2021-10-18 00:00:00+00:00,100036.08864268623,92937.15509571781
2021-10-19 00:00:00+00:00,100035.57410563504,92936.67707213275
2021-10-20 00:00:00+00:00,100030.64085277071,92932.09390127112
2021-10-21 00:00:00+00:00,100032.51705774438,92933.83696374983
2021-10-22 00:00:00+00:00,100022.10449066763,92645.36180033488
2021-10-23 00:00:00+00:00,100012.22487941955,92636.21082152688
2021-10-24 00:00:00+00:00,100012.56781575705,92636.52846592384
2021-10-25 00:00:00+00:00,100002.7564900178,92627.4407364916
2021-10-26 00:00:00+00:00,99989.57637367748,92615.23266855365
2021-10-27 00:00:00+00:00,99992.68685375294,92618.11374722552
2021-10-28 00:00:00+00:00,99988.61105868367,92614.33854662623
2021-10-29 00:00:00+00:00,100019.51086813683,92642.95946038251
2021-10-30 00:00:00+00:00,99967.79282818218,92595.05568403626
2021-10-31 00:00:00+00:00,99990.49070679105,92616.07956857185
2021-11-01 00:00:00+00:00,100016.2622422983,92639.95042435295
2021-11-02 00:00:00+00:00,99976.02887375018,92602.68431198141
2021-11-03 00:00:00+00:00,99970.20903353672,92597.29369152866
2021-11-04 00:00:00+00:00,99976.60060774762,92325.42199887898
2021-11-05 00:00:00+00:00,100003.59700803692,92350.35237292659
2021-11-06 00:00:00+00:00,100018.07868417932,92363.7257708314
2021-11-07 00:00:00+00:00,100039.18752260199,92383.21915631794
2021-11-08 00:00:00+00:00,100003.30145423906,92350.07943777031
2021-11-09 00:00:00+00:00,99983.68910691,92331.96801737258
2021-11-10 00:00:00+00:00,99957.40402906165,92307.69452847747
2021-11-11 00:00:00+00:00,99942.06392075258,92293.52839395664
2021-11-12 00:00:00+00:00,99963.50786307215,92313.33123794154
2021-11-13 00:00:00+00:00,99972.94202837482,92322.04340946449
2021-11-14 00:00:00+00:00,99962.21643940065,92312.13864652789
2021-11-15 00:00:00+00:00,99985.5194736472,92333.65830670425
2021-11-16 00:00:00+00:00,99970.34325299894,92319.64351757179
2021-11-17 00:00:00+00:00,99974.12772151588,92323.13836187279
2021-11-18 00:00:00+00:00,99980.58701284441,92329.10332561527
2021-11-19 00:00:00+00:00,99965.45283055899,92315.12735766261
2021-11-20 00:00:00+00:00,99955.62576065664,92306.05235040859
2021-11-21 00:00:00+00:00,99961.8072542474,92311.76077618904
2021-11-22 00:00:00+00:00,99937.76480233912,92289.55828575802
2021-11-23 00:00:00+00:00,99958.25331490689,92308.47881873723
2021-11-24 00:00:00+00:00,99971.49171184457,92043.77864875768
2021-11-25 00:00:00+00:00,99984.2761757407,92055.54930802112
2021-11-26 00:00:00+00:00,99979.11654956728,92050.79883884951
2021-11-27 00:00:00+00:00,99986.5938464679,92057.68318806775
2021-11-28 00:00:00+00:00,99962.71643531039,92035.69924935026
2021-11-29 00:00:00+00:00,99982.0795031113,92053.52683095488
2021-11-30 00:00:00+00:00,99979.39773026216,92051.05772198907
2021-12-01 00:00:00+00:00,99970.00028263817,92042.40548949603
2021-12-02 00:00:00+00:00,99991.84792108565,92062.52061594682
2021-12-03 00:00:00+00:00,99978.83996443225,92050.54418684312
2021-12-04 00:00:00+00:00,99951.83457580573,92025.68031844925
2021-12-05 00:00:00+00:00,99921.88369943114,91998.1045387129
2021-12-06 00:00:00+00:00,99934.92478034113,92010.11146532834
2021-12-07 00:00:00+00:00,99910.4645892922,91987.59096101193
2021-12-08 00:00:00+00:00,99946.34280562846,92020.62404420614
2021-12-09 00:00:00+00:00,99986.73633282607,91781.75250316247
2021-12-10 00:00:00+00:00,99951.98976247401,91749.8572614799
2021-12-11 00:00:00+00:00,99946.80030532427,91745.09365493355
2021-12-12 00:00:00+00:00,99947.72894249205,91745.94608746434
2021-12-13 00:00:00+00:00,99957.56791021046,91754.97766238257
2021-12-14 00:00:00+00:00,99948.63734769325,91746.77994827837
2021-12-15 00:00:00+00:00,99948.39152169747,91746.55429494142
2021-12-16 00:00:00+00:00,99925.46363118228,91725.50788368864
2021-12-17 00:00:00+00:00,99922.20024762176,91722.51229574106
2021-12-18 00:00:00+00:00,99918.22029182604,91718.85893799369
2021-12-19 00:00:00+00:00,99924.45120715328,91724.57853990697
2021-12-20 00:00:00+00:00,99924.58922152116,91724.70522871609
2021-12-21 00:00:00+00:00,99917.4794321979,91718.17887384193
2021-12-22 00:00:00+00:00,99884.495335999,91412.74693978849
2021-12-23 00:00:00+00:00,99858.70308923887,91389.1422740377
2021-12-24 00:00:00+00:00,99874.4635984162,91403.56604854067
2021-12-25 00:00:00+00:00,99878.85173572233,91407.58200400756
2021-12-26 00:00:00+00:00,99876.18976524097,91405.14580974984
2021-12-27 00:00:00+00:00,99874.83012519394,91129.68605075567
2021-12-28 00:00:00+00:00,99866.93121792981,91122.47878003269
2021-12-29 00:00:00+00:00,99876.65992118209,91131.35562790267
2021-12-30 00:00:00+00:00,99891.12995914958,91144.55865428546
2021-12-31 00:00:00+00:00,99886.24406320049,91140.10057247087
2022-01-01 00:00:00+00:00,99904.69261567833,91156.93375049268
2022-01-02 00:00:00+00:00,99895.58288770771,91148.62167978448
2022-01-03 00:00:00+00:00,99928.42904447473,91178.59179287904
2022-01-04 00:00:00+00:00,99906.96602588492,91159.00809853544
2022-01-05 00:00:00+00:00,99896.57669753309,91149.52847058722
2022-01-06 00:00:00+00:00,99890.49403867975,91143.97841567385
2022-01-07 00:00:00+00:00,99869.97073214385,91125.25215121866
2022-01-08 00:00:00+00:00,99835.89205402206,91094.15743762194
2022-01-09 00:00:00+00:00,99814.76228495808,91074.87781312884
2022-01-10 00:00:00+00:00,99850.2994970115,91107.3033499081
2022-01-11 00:00:00+00:00,99874.71598692925,91129.58190655624
2022-01-12 00:00:00+00:00,99886.13610789375,91140.00206984313
2022-01-13 00:00:00+00:00,99884.62403473229,91138.62239538145
2022-01-14 00:00:00+00:00,99873.34391728592,91128.32997675892
2022-01-15 00:00:00+00:00,99859.91904802067,90842.69561308873
2022-01-16 00:00:00+00:00,99864.62284670532,90846.97466474638
2022-01-17 00:00:00+00:00,99850.6091428956,90834.2263805325
2022-01-18 00:00:00+00:00,99839.4535792803,90824.07815009574
2022-01-19 00:00:00+00:00,99812.50106042933,90799.55940935046
2022-01-20 00:00:00+00:00,99829.8494133686,90542.94254989889
2022-01-21 00:00:00+00:00,99855.7187161888,90566.4052998962
2022-01-22 00:00:00+00:00,99874.12879191939,90583.10273497208
2022-01-23 00:00:00+00:00,99852.17587088342,90563.19203611955
2022-01-24 00:00:00+00:00,99870.05826249775,90579.4108761369
2022-01-25 00:00:00+00:00,99816.70641711264,90531.02221182437
2022-01-26 00:00:00+00:00,99805.91151242609,90521.23152857072
2022-01-27 00:00:00+00:00,99801.24668302602,90517.00065591231
2022-01-28 00:00:00+00:00,99817.30255468751,90531.5628922973
2022-01-29 00:00:00+00:00,99802.39485389438,90518.04201548145
2022-01-30 00:00:00+00:00,99812.83548832711,90527.51138530603
2022-01-31 00:00:00+00:00,99809.41817836452,90524.41197865125
2022-02-01 00:00:00+00:00,99757.5673163643,90477.38466520904
2022-02-02 00:00:00+00:00,99758.4813731226,90478.2136896846
2022-02-03 00:00:00+00:00,99734.68140863646,90456.62777294907
2022-02-04 00:00:00+00:00,99747.63772105664,90468.37879389133
2022-02-05 00:00:00+00:00,99747.33987756654,90468.10865799339
2022-02-06 00:00:00+00:00,99783.46618300717,90229.46990281084
2022-02-07 00:00:00+00:00,99772.01864297951,90219.11843369578
2022-02-08 00:00:00+00:00,99808.97128027369,90252.53295618239
2022-02-09 00:00:00+00:00,99824.0057532043,90266.1279191025
2022-02-10 00:00:00+00:00,99813.83795618589,90256.93366107414
2022-02-11 00:00:00+00:00,99827.37753319046,90269.17686029906
2022-02-12 00:00:00+00:00,99847.66592372257,90287.52269245862
2022-02-13 00:00:00+00:00,99860.9952314008,90299.57575507494
2022-02-14 00:00:00+00:00,99830.83261969346,90272.30113163938
2022-02-15 00:00:00+00:00,99817.3976153551,90260.1524925315
2022-02-16 00:00:00+00:00,99813.47866979978,90256.60877538515
2022-02-17 00:00:00+00:00,99812.99388881643,90256.17041086624
2022-02-18 00:00:00+00:00,99826.3006202468,90268.20305884922
2022-02-19 00:00:00+00:00,99830.81841079886,90272.28828320792
2022-02-20 00:00:00+00:00,99805.31603454174,90249.22769031649
2022-02-21 00:00:00+00:00,99813.8515428567,90256.94594685808
2022-02-22 00:00:00+00:00,99826.95815207947,90268.79763379211
2022-02-23 00:00:00+00:00,99839.0569373861,90279.73799321684
2022-02-24 00:00:00+00:00,99861.49263357285,90300.02553233798
2022-02-25 00:00:00+00:00,99879.03043596372,90315.8841377114
2022-02-26 00:00:00+00:00,99889.13302199455,90325.0194285274
2022-02-27 00:00:00+00:00,99888.73291632823,90324.65763189355
2022-02-28 00:00:00+00:00,99856.77001737153,90295.75509383048
2022-03-01 00:00:00+00:00,99866.28606978286,90304.36001003039
2022-03-02 00:00:00+00:00,99871.39882288309,90308.98323088675
2022-03-03 00:00:00+00:00,99877.77923327421,90314.75273428622
2022-03-04 00:00:00+00:00,99853.4394495101,90292.74341880948
2022-03-05 00:00:00+00:00,99832.98236992853,90274.24504911946
2022-03-06 00:00:00+00:00,99854.8699045368,90294.03691164668
2022-03-07 00:00:00+00:00,99855.07713958202,90294.22430449832
2022-03-08 00:00:00+00:00,99869.59076458089,90307.34828926364
2022-03-09 00:00:00+00:00,99871.14467088031,90308.75341324898
2022-03-10 00:00:00+00:00,99872.72710368475,90310.18433240388
2022-03-11 00:00:00+00:00,99892.33553413999,90327.91530881992
2022-03-12 00:00:00+00:00,99883.08879187118,90319.55391704675
2022-03-13 00:00:00+00:00,99885.98795815863,90322.17549602453
2022-03-14 00:00:00+00:00,99877.80804943392,90314.7787913768
2022-03-15 00:00:00+00:00,99870.17930201307,90307.88047583278
2022-03-16 00:00:00+00:00,99865.03709637515,90303.23062243933
2022-03-17 00:00:00+00:00,99870.4364726508,90308.11302307938
2022-03-18 00:00:00+00:00,99861.92971833608,90300.42076742047
2022-03-19 00:00:00+00:00,99887.83708221778,90323.84757146973
2022-03-20 00:00:00+00:00,99871.07932149417,90308.69432088936
2022-03-21 00:00:00+00:00,99868.36366623442,90306.23868225604
2022-03-22 00:00:00+00:00,99860.63105510976,90299.24644767617
2022-03-23 00:00:00+00:00,99890.3324289063,90326.10399548007
2022-03-24 00:00:00+00:00,99895.22429514899,90330.52747879647
2022-03-25 00:00:00+00:00,99916.68905384207,90349.93704505583
2022-03-26 00:00:00+00:00,99888.20625814232,90324.1813998007
2022-03-27 00:00:00+00:00,99894.49681764712,90329.86965529252
2022-03-28 00:00:00+00:00,99913.13992906731,90346.72773935326
2022-03-29 00:00:00+00:00,99915.76456117032,90349.10107005024
2022-03-30 00:00:00+00:00,99937.8966847834,90369.11410284837
2022-03-31 00:00:00+00:00,99928.62526596531,90360.73039723859
2022-04-01 00:00:00+00:00,99957.58001825192,90386.91281051731
2022-04-02 00:00:00+00:00,100004.18424795286,90429.05481161228
2022-04-03 00:00:00+00:00,99997.97725243293,90423.44211908038
2022-04-04 00:00:00+00:00,99990.13013034224,90416.34633764894
2022-04-05 00:00:00+00:00,100019.95861664221,90443.31882727877
2022-04-06 00:00:00+00:00,100052.29077861646,90472.5552724269
2022-04-07 00:00:00+00:00,100042.90881474997,90464.0716061573
2022-04-08 00:00:00+00:00,100035.56397876806,90457.4300183019
2022-04-09 00:00:00+00:00,100030.96516579959,90453.27152920346
2022-04-10 00:00:00+00:00,100005.28211537431,90430.0475612055
2022-04-11 00:00:00+00:00,99988.04728750457,90414.46292136445
2022-04-12 00:00:00+00:00,99969.11628534079,90397.34451131811
2022-04-13 00:00:00+00:00,99954.87454268431,90384.46637689821
2022-04-14 00:00:00+00:00,99955.17840815165,90384.74114807115
2022-04-15 00:00:00+00:00,99960.8174814458,90389.8402953902
2022-04-16 00:00:00+00:00,99992.57283594736,90418.55516081688
2022-04-17 00:00:00+00:00,99973.75664757888,90401.54057145628
2022-04-18 00:00:00+00:00,99994.27852469168,90420.09753448966
2022-04-19 00:00:00+00:00,99991.02484004362,90417.15538132285
2022-04-20 00:00:00+00:00,99991.03548052149,90417.16500300383
2022-04-21 00:00:00+00:00,100005.41654446165,90430.16911907229
2022-04-22 00:00:00+00:00,99984.13278464446,90410.9232215373
2022-04-23 00:00:00+00:00,99992.71217892873,90418.68116208566
2022-04-24 00:00:00+00:00,99997.00678341984,90422.56456984345
2022-04-25 00:00:00+00:00,100007.76949937384,90432.29678493271
2022-04-26 00:00:00+00:00,100014.4989071881,90438.38187019851
2022-04-27 00:00:00+00:00,100064.20629211729,90483.32990782421
2022-04-28 00:00:00+00:00,100052.54500763882,90472.78515970986
2022-04-29 00:00:00+00:00,100043.00159988056,90464.15550736328
2022-04-30 00:00:00+00:00,100031.62998164141,90453.87269073138
2022-05-01 00:00:00+00:00,100021.60086563461,90444.80383538388
2022-05-02 00:00:00+00:00,100009.94658215203,90434.26541793904
2022-05-03 00:00:00+00:00,100034.52977306966,90456.49483499446
2022-05-04 00:00:00+00:00,100063.7058863546,90482.87741455626
2022-05-05 00:00:00+00:00,100053.37381633173,90473.53461221812
2022-05-06 00:00:00+00:00,100037.85118532866,90459.49823103714
2022-05-07 00:00:00+00:00,100048.196534118,90468.85304073588
2022-05-08 00:00:00+00:00,100038.2319818535,90459.84256732743
2022-05-09 00:00:00+00:00,100051.781957046,90472.09516914198
2022-05-10 00:00:00+00:00,100056.80017492521,90476.63290626837
2022-05-11 00:00:00+00:00,100027.71850691618,90450.33572910343
2022-05-12 00:00:00+00:00,100059.41443216837,90478.99685547019
2022-05-13 00:00:00+00:00,100096.03828835512,90512.11407674878
2022-05-14 00:00:00+00:00,100084.87205975599,90502.01698425587
2022-05-15 00:00:00+00:00,100078.17176019367,90495.95822020582
2022-05-16 00:00:00+00:00,100084.83562852435,90501.98404121585
2022-05-17 00:00:00+00:00,100092.4635934712,90508.88164920562
2022-05-18 00:00:00+00:00,100106.5217425688,90521.59376865199
2022-05-19 00:00:00+00:00,100147.3980345587,90558.55626653794
2022-05-20 00:00:00+00:00,100144.87928856009,90556.278683638
2022-05-21 00:00:00+00:00,100130.03240511358,90542.85334901762
2022-05-22 00:00:00+00:00,100103.65752830419,90519.00379513564
2022-05-23 00:00:00+00:00,100090.14727016546,90506.78710757465
2022-05-24 00:00:00+00:00,100090.48204604356,90507.08982957034
2022-05-25 00:00:00+00:00,100127.07971603345,90540.18337190938
2022-05-26 00:00:00+00:00,100117.80189160508,90531.79387400912
2022-05-27 00:00:00+00:00,100123.23408828456,90536.70595258834
2022-05-28 00:00:00+00:00,100123.90028791595,90537.30836541172
2022-05-29 00:00:00+00:00,100148.47111284682,90559.52660049006
2022-05-30 00:00:00+00:00,100199.59974609474,90605.75980576231
2022-05-31 00:00:00+00:00,100190.05888158306,90597.13245315336
2022-06-01 00:00:00+00:00,100181.34001186588,90589.24839156655
2022-06-02 00:00:00+00:00,100203.04913766062,90608.87892744031
2022-06-03 00:00:00+00:00,100217.57051632566,90622.0099234793
2022-06-04 00:00:00+00:00,100255.20287806806,90656.03908864157
2022-06-05 00:00:00+00:00,100267.7805775714,90667.41250752744
2022-06-06 00:00:00+00:00,100261.64394716635,90661.8634428415
2022-06-07 00:00:00+00:00,100274.35510930164,90673.35754567425
2022-06-08 00:00:00+00:00,100297.34481978836,90694.14605372859
2022-06-09 00:00:00+00:00,100314.61596114404,90709.76353013776
2022-06-10 00:00:00+00:00,100325.67277399212,90719.76168314107
2022-06-11 00:00:00+00:00,100347.82859386846,90739.79614334952
2022-06-12 00:00:00+00:00,100372.0205037683,90761.67174348349
2022-06-13 00:00:00+00:00,100400.43581302137,90787.36636393618
2022-06-14 00:00:00+00:00,100414.29883916459,90799.9020429219
2022-06-15 00:00:00+00:00,100411.97511219562,90797.80080650838
2022-06-16 00:00:00+00:00,100415.87808684389,90801.33008191873
2022-06-17 00:00:00+00:00,100440.80834325118,90823.8733338844
2022-06-18 00:00:00+00:00,100425.59165683252,90810.11360392356
2022-06-19 00:00:00+00:00,100433.89850797271,90817.62509659475
2022-06-20 00:00:00+00:00,100427.08636030482,90811.46519359192
2022-06-21 00:00:00+00:00,100428.64872768844,90812.87796853561
2022-06-22 00:00:00+00:00,100455.00639519605,90836.71196085979
2022-06-23 00:00:00+00:00,100459.79001532572,90841.03756233492
2022-06-24 00:00:00+00:00,100461.70340228647,90842.76774768316
2022-06-25 00:00:00+00:00,100435.71469044936,90819.26738452463
2022-06-26 00:00:00+00:00,100451.51307000367,90833.55311208087
2022-06-27 00:00:00+00:00,100465.31209525953,90846.03091809063
2022-06-28 00:00:00+00:00,100509.225039152,90885.7393166947
2022-06-29 00:00:00+00:00,100504.110489503,90881.11447130424
2022-06-30 00:00:00+00:00,100509.45067159453,90885.94334544276
2022-07-01 00:00:00+00:00,100515.39071038296,90891.31464162623
2022-07-02 00:00:00+00:00,100547.68083217026,90920.51307182129
2022-07-03 00:00:00+00:00,100546.78212848678,90919.70041657829
2022-07-04 00:00:00+00:00,100553.31020844451,90925.60345058382
2022-07-05 00:00:00+00:00,100566.36346083976,90937.40688946185
2022-07-06 00:00:00+00:00,100571.05799646648,90941.65193603362
2022-07-07 00:00:00+00:00,100563.19240065887,90934.53944969356
2022-07-08 00:00:00+00:00,100568.03536340057,90938.91871188657
2022-07-09 00:00:00+00:00,100590.32921754569,90959.07798995689
2022-07-10 00:00:00+00:00,100570.95428473673,90941.55815442072
2022-07-11 00:00:00+00:00,100574.58456594667,90944.84084604992
2022-07-12 00:00:00+00:00,100561.68559025755,90933.17691230177
2022-07-13 00:00:00+00:00,100586.38842368373,90955.51451642
2022-07-14 00:00:00+00:00,100557.15908409994,90929.08380683314
2022-07-15 00:00:00+00:00,100547.06162162102,90919.95314900285
2022-07-16 00:00:00+00:00,100555.53788551524,90927.61783361633
2022-07-17 00:00:00+00:00,100587.59132035295,90956.60223899533
2022-07-18 00:00:00+00:00,100587.2788211528,90956.3196607461
2022-07-19 00:00:00+00:00,100577.25521282766,90947.25578573465
2022-07-20 00:00:00+00:00,100615.57108815142,90981.90301990655
2022-07-21 00:00:00+00:00,100587.83324789135,90956.82100262801
2022-07-22 00:00:00+00:00,100545.19902490053,90918.26889086711
2022-07-23 00:00:00+00:00,100554.92134778776,90927.06032770425
2022-07-24 00:00:00+00:00,100545.95218956964,90918.94994206169
2022-07-25 00:00:00+00:00,100526.68206591145,90901.52488048433
2022-07-26 00:00:00+00:00,100541.72853289515,90915.13068905949
2022-07-27 00:00:00+00:00,100547.55780059015,90920.40182018132
2022-07-28 00:00:00+00:00,100537.35802293684,90911.17864357712
2022-07-29 00:00:00+00:00,100561.76835739161,90660.5182187765
2022-07-30 00:00:00+00:00,100543.45709310893,90644.00987036312
2022-07-31 00:00:00+00:00,100529.56279152332,90631.48359320418
2022-08-01 00:00:00+00:00,100530.53833324814,90632.36308368809
2022-08-02 00:00:00+00:00,100492.91246774558,90598.44183786465
2022-08-03 00:00:00+00:00,100513.13397174241,90616.67234495956
2022-08-04 00:00:00+00:00,100542.39560712008,90643.05289763481
2022-08-05 00:00:00+00:00,100555.13291578344,90654.5360986862
2022-08-06 00:00:00+00:00,100555.04530741442,90654.45711618356
2022-08-07 00:00:00+00:00,100549.22314131365,90649.20819699219
2022-08-08 00:00:00+00:00,100553.01833207313,90652.62971559328
2022-08-09 00:00:00+00:00,100545.03870660736,90645.43575916495
2022-08-10 00:00:00+00:00,100568.8819706454,90666.931430025
2022-08-11 00:00:00+00:00,100539.22574861291,90640.19514145538
2022-08-12 00:00:00+00:00,100539.8636806629,90640.7702631063
2022-08-13 00:00:00+00:00,100516.70232515775,90619.88936048253
2022-08-14 00:00:00+00:00,100508.91350147642,90612.86741961178
2022-08-15 00:00:00+00:00,100498.86474891481,90603.80806107455
2022-08-16 00:00:00+00:00,100486.57742123453,90592.73053615417
2022-08-17 00:00:00+00:00,100476.71240715744,90583.83682532277
2022-08-18 00:00:00+00:00,100490.44007570103,90324.46136555102
2022-08-19 00:00:00+00:00,100517.7707047803,90349.02712870725
2022-08-20 00:00:00+00:00,100522.65600825622,90353.41821710073
2022-08-21 00:00:00+00:00,100537.69716557217,90366.93775619175
2022-08-22 00:00:00+00:00,100536.90972437328,90366.22997541087
2022-08-23 00:00:00+00:00,100566.43933767587,90392.77226554195
2022-08-24 00:00:00+00:00,100554.02613805389,90381.61483037862
2022-08-25 00:00:00+00:00,100590.70617547866,90414.58418169964
2022-08-26 00:00:00+00:00,100590.90121510945,90414.75949041145
2022-08-27 00:00:00+00:00,100563.5384315642,90390.16482565206
2022-08-28 00:00:00+00:00,100567.06792202659,90393.33726001169
2022-08-29 00:00:00+00:00,100554.56238808202,90382.09683140196
2022-08-30 00:00:00+00:00,100572.21224764972,90397.96116692908
2022-08-31 00:00:00+00:00,100560.27006424888,90387.22709827143
2022-09-01 00:00:00+00:00,100552.41890766977,90380.1701932706
2022-09-02 00:00:00+00:00,100515.96477783624,90347.40389590658
2022-09-03 00:00:00+00:00,100507.99228418714,90340.23792873543
2022-09-04 00:00:00+00:00,100460.94918058728,90297.95387673585
2022-09-05 00:00:00+00:00,100430.55186905254,90270.63166788427
2022-09-06 00:00:00+00:00,100446.61183478046,90285.06694901978
2022-09-07 00:00:00+00:00,100463.17486433765,90299.9544022164
2022-09-08 00:00:00+00:00,100472.59699421827,90308.42335514109
2022-09-09 00:00:00+00:00,100490.76868610503,90053.83146246495
2022-09-10 00:00:00+00:00,100490.72331570183,90053.79080421648
2022-09-11 00:00:00+00:00,100489.80352663095,90052.96654412718
2022-09-12 00:00:00+00:00,100511.7754847002,90072.65650206798
2022-09-13 00:00:00+00:00,100480.96781694444,90045.04850825817
2022-09-14 00:00:00+00:00,100462.58723748736,90028.5769295624
2022-09-15 00:00:00+00:00,100465.97455565076,90031.61244200784
2022-09-16 00:00:00+00:00,100464.45111155076,90030.24722229643
2022-09-17 00:00:00+00:00,100459.33157547304,90025.65939950298
2022-09-18 00:00:00+00:00,100498.79131903467,90061.02086745384
2022-09-19 00:00:00+00:00,100502.7008171235,90064.52432639438
2022-09-20 00:00:00+00:00,100515.23234286928,90075.75433211763
2022-09-21 00:00:00+00:00,100534.10658687908,90092.66830353273
2022-09-22 00:00:00+00:00,100538.6919063037,90096.77739323388
2022-09-23 00:00:00+00:00,100502.02814581349,90063.92151849893
2022-09-24 00:00:00+00:00,100488.3297018234,90051.64579026529
2022-09-25 00:00:00+00:00,100498.66113271574,90060.90420224195
2022-09-26 00:00:00+00:00,100486.31701705804,90049.84214225845
